product,proteins_g,fats_g,carbs_g,calories_kcal
Product_1,28.13,5.03,12.26,206.9
Product_2,39.56,41.85,18.58,609.3
Product_3,34.84,17.56,47.6,487.8
Product_4,7.29,38.84,53.88,594.2
Product_5,12.88,51.13,35.99,655.6
Product_6,35.24,50.36,14.4,651.8
Product_7,0.24,15.37,47.58,329.6
Product_8,32.53,0.03,67.43,400.2
Product_9,27.9,18.09,54.01,490.4
Product_10,13.97,38.32,47.71,591.6
Product_11,13.64,45.82,32.84,598.3
Product_12,12.53,3.58,20.98,166.3
Product_13,9.3,34.2,56.5,571.0
Product_14,14.5,39.84,45.65,599.2
Product_15,15.25,39.0,45.75,595.0
Product_16,24.91,42.96,31.3,611.5
Product_17,37.5,43.34,19.16,616.7
Product_18,33.84,47.92,18.24,639.6
Product_19,23.5,18.05,58.46,490.2
Product_20,35.89,4.79,59.32,424.0
Product_21,9.69,43.65,29.37,549.1
Product_22,7.21,8.21,69.96,382.6
Product_23,27.56,23.05,30.51,439.8
Product_24,1.98,59.74,35.83,688.9
Product_25,1.61,33.59,45.32,490.0
Product_26,23.17,31.3,17.7,445.2
Product_27,20.98,56.87,21.4,681.4
Product_28,41.27,17.04,21.33,403.8
Product_29,25.96,54.97,19.07,674.9
Product_30,19.43,45.95,34.63,629.7
Product_31,22.36,21.83,8.04,318.1
Product_32,11.14,19.63,62.43,471.0
Product_33,0.53,7.59,13.98,126.4
Product_34,8.66,54.94,35.52,671.1
Product_35,31.14,11.15,51.35,430.3
Product_36,9.03,0.54,11.04,85.1
Product_37,16.18,51.97,31.85,659.8
Product_38,0.17,35.89,45.05,503.9
Product_39,30.7,33.13,36.18,565.6
Product_40,5.68,35.96,58.36,579.8
Product_41,12.04,2.56,62.8,322.4
Product_42,39.61,5.51,9.67,246.8
Product_43,19.18,25.08,55.74,525.4
Product_44,38.12,3.02,43.98,355.6
Product_45,25.41,26.71,47.88,533.5
Product_46,33.38,44.18,12.8,582.3
Product_47,4.12,39.44,37.76,522.5
Product_48,20.75,31.53,47.72,557.7
Product_49,22.85,2.78,63.8,371.6
Product_50,33.26,12.05,54.69,460.2
Product_51,16.26,53.85,17.37,619.2
Product_52,26.67,7.33,66.0,436.6
Product_53,2.67,31.99,45.47,480.5
Product_54,17.44,3.0,53.5,310.8
Product_55,10.46,40.54,49.01,602.7
Product_56,6.76,10.29,32.44,249.4
Product_57,27.23,18.24,54.53,491.2
Product_58,14.18,27.25,58.56,536.3
Product_59,29.02,28.41,42.57,542.0
Product_60,23.46,49.69,26.85,648.5
Product_61,23.95,38.87,37.18,594.3
Product_62,28.71,20.84,13.85,357.8
Product_63,30.44,4.52,60.75,405.4
Product_64,5.63,35.22,59.15,576.1
Product_65,19.81,58.35,12.87,655.9
Product_66,10.78,1.02,59.58,290.6
Product_67,15.08,38.69,46.23,593.5
Product_68,4.35,10.57,2.92,124.2
Product_69,30.14,19.1,50.76,495.5
Product_70,9.68,31.36,38.33,474.3
Product_71,30.23,36.87,21.53,538.8
Product_72,13.52,59.37,2.41,598.1
Product_73,27.48,28.82,43.7,544.1
Product_74,29.8,23.54,27.02,439.2
Product_75,5.92,42.9,41.08,574.1
Product_76,38.03,28.0,15.58,466.5
Product_77,36.7,21.39,41.91,507.0
Product_78,40.68,21.94,31.78,487.3
Product_79,21.41,24.72,53.88,523.6
Product_80,6.55,16.87,53.31,391.2
Product_81,8.66,14.53,57.74,396.3
Product_82,41.76,8.91,20.09,327.6
Product_83,24.85,26.41,5.11,357.6
Product_84,8.12,17.6,70.4,472.4
Product_85,24.13,30.46,45.41,552.3
Product_86,22.0,38.77,39.23,593.8
Product_87,21.36,17.19,61.45,486.0
Product_88,15.31,33.59,51.1,568.0
Product_89,15.27,44.71,40.02,623.5
Product_90,10.78,21.55,33.52,371.2
Product_91,1.71,33.28,28.45,420.2
Product_92,37.47,25.29,37.23,526.5
Product_93,21.05,39.02,17.8,506.5
Product_94,21.16,49.45,29.38,647.3
Product_95,14.5,8.32,40.61,295.3
Product_96,33.81,57.92,2.5,666.5
Product_97,1.13,39.94,31.49,490.0
Product_98,16.75,47.75,22.76,587.8
Product_99,1.37,38.11,50.73,551.4
Product_100,4.51,42.56,52.93,612.8
Product_101,38.77,17.44,43.79,487.2
Product_102,23.64,33.93,42.43,569.7
Product_103,19.27,15.85,49.11,416.1
Product_104,23.57,30.52,20.5,450.9
Product_105,35.62,37.08,27.3,585.4
Product_106,15.49,12.07,67.54,440.7
Product_107,25.08,3.46,71.46,417.3
Product_108,30.77,47.46,14.5,608.2
Product_109,15.99,48.54,0.85,504.2
Product_110,16.66,28.48,54.86,542.4
Product_111,28.11,15.74,56.14,478.7
Product_112,31.71,30.61,37.68,553.1
Product_113,6.8,5.03,65.35,333.9
Product_114,32.49,30.74,36.77,553.7
Product_115,0.22,32.25,67.53,561.3
Product_116,33.88,37.03,19.47,546.7
Product_117,36.47,26.82,35.53,529.4
Product_118,6.15,13.51,53.65,360.8
Product_119,18.85,43.55,17.25,536.4
Product_120,30.14,22.88,46.98,514.4
Product_121,0.64,44.72,20.99,489.0
Product_122,26.45,20.43,53.12,502.2
Product_123,33.89,5.0,61.1,425.0
Product_124,23.09,32.55,33.93,521.0
Product_125,21.89,25.04,53.08,525.2
Product_126,8.78,47.68,43.54,638.4
Product_127,7.28,43.4,49.32,617.0
Product_128,16.34,3.43,1.65,102.8
Product_129,8.07,46.31,9.02,485.2
Product_130,15.57,15.68,56.92,431.1
Product_131,26.67,26.15,47.17,530.8
Product_132,25.8,22.77,50.26,509.2
Product_133,14.21,17.95,67.83,489.8
Product_134,12.22,29.3,4.73,331.5
Product_135,29.34,21.8,48.86,509.0
Product_136,15.17,31.6,53.23,558.0
Product_137,33.25,28.84,37.91,544.2
Product_138,23.2,40.7,34.36,596.5
Product_139,22.79,22.4,54.81,512.0
Product_140,40.14,40.44,19.42,602.2
Product_141,31.08,19.27,49.66,496.3
Product_142,22.12,30.86,47.02,554.3
Product_143,19.2,27.57,43.19,497.7
Product_144,39.52,33.77,20.81,545.2
Product_145,18.52,1.05,0.17,84.2
Product_146,41.52,29.93,15.66,498.1
Product_147,3.09,13.2,66.7,398.0
Product_148,19.35,23.15,16.98,353.7
Product_149,23.38,4.43,5.95,157.1
Product_150,41.98,38.67,19.36,593.3
Product_151,10.61,50.37,39.02,651.8
Product_152,34.73,20.37,44.9,501.8
Product_153,28.47,5.9,65.63,429.5
Product_154,23.41,26.99,49.6,535.0
Product_155,24.97,6.72,68.31,433.6
Product_156,26.03,31.85,42.12,559.3
Product_157,14.97,7.35,36.02,270.1
Product_158,17.92,21.71,11.35,312.5
Product_159,7.92,25.75,66.33,528.7
Product_160,2.28,7.07,18.3,146.0
Product_161,9.58,19.12,49.77,409.5
Product_162,41.2,16.52,21.16,398.1
Product_163,25.9,29.32,44.77,546.6
Product_164,5.06,59.18,16.06,617.1
Product_165,27.17,21.77,33.66,439.3
Product_166,21.56,47.44,17.58,583.5
Product_167,25.72,8.09,66.18,440.5
Product_168,26.02,30.52,43.46,552.6
Product_169,13.8,25.96,50.47,490.7
Product_170,43.26,17.29,25.16,429.3
Product_171,20.96,49.3,14.12,584.1
Product_172,19.96,31.62,48.42,558.1
Product_173,28.59,8.04,61.17,431.4
Product_174,8.28,17.54,58.76,426.0
Product_175,2.11,37.33,60.56,586.6
Product_176,15.08,48.48,36.44,642.4
Product_177,34.38,36.69,14.28,524.9
Product_178,26.63,37.97,35.4,589.8
Product_179,28.59,51.4,20.01,657.0
Product_180,5.09,44.43,41.04,584.4
Product_181,35.27,33.2,31.53,566.0
Product_182,36.09,13.27,45.08,444.2
Product_183,29.16,16.41,54.43,482.1
Product_184,18.72,29.75,51.53,548.7
Product_185,31.7,42.76,25.55,613.8
Product_186,2.1,18.11,65.39,432.9
Product_187,1.36,23.71,68.84,494.2
Product_188,0.91,1.33,61.92,263.3
Product_189,11.37,41.8,44.11,598.2
Product_190,10.19,24.25,65.56,521.3
Product_191,8.44,47.86,39.36,622.0
Product_192,25.52,14.02,8.48,262.1
Product_193,1.75,39.58,21.77,450.3
Product_194,22.22,33.78,44.0,568.9
Product_195,7.47,27.86,30.33,401.9
Product_196,30.5,11.32,33.83,359.2
Product_197,0.95,24.17,32.18,350.1
Product_198,13.98,44.7,15.36,519.7
Product_199,42.23,11.35,7.48,301.0
Product_200,24.23,5.4,3.93,161.2
Product_201,30.93,23.51,45.56,517.6
Product_202,29.61,14.07,25.93,348.8
Product_203,24.52,42.86,32.61,614.3
Product_204,6.5,37.02,56.48,585.1
Product_205,19.48,42.74,37.78,613.7
Product_206,1.53,43.06,55.42,615.3
Product_207,26.54,28.58,44.87,542.9
Product_208,33.05,8.59,58.37,442.9
Product_209,38.43,49.38,5.35,619.5
Product_210,2.28,43.69,30.73,525.2
Product_211,11.2,32.94,55.85,564.7
Product_212,14.31,41.85,37.15,582.5
Product_213,3.88,38.1,58.01,590.5
Product_214,28.2,17.87,14.79,332.8
Product_215,35.89,40.35,4.82,525.9
Product_216,12.09,26.58,61.34,532.9
Product_217,38.83,20.27,32.9,469.3
Product_218,35.87,19.61,40.66,482.6
Product_219,5.81,9.33,74.9,406.8
Product_220,34.51,29.49,17.55,473.7
Product_221,28.51,15.88,55.6,479.4
Product_222,8.88,25.29,31.72,390.0
Product_223,25.81,51.1,19.79,642.3
Product_224,28.74,40.89,18.7,557.8
Product_225,24.99,37.2,37.8,586.0
Product_226,4.3,58.61,37.09,693.1
Product_227,26.17,11.49,62.34,457.5
Product_228,28.44,30.47,4.06,404.3
Product_229,37.07,5.55,3.52,212.3
Product_230,36.16,23.57,12.22,405.6
Product_231,12.25,47.44,40.31,637.2
Product_232,32.44,5.15,62.41,425.7
Product_233,31.76,37.0,31.24,585.0
Product_234,28.46,36.77,34.77,583.9
Product_235,7.27,30.54,51.4,509.5
Product_236,1.2,47.86,1.54,441.7
Product_237,29.29,26.46,19.7,434.1
Product_238,8.73,19.16,72.12,495.8
Product_239,25.37,30.34,26.46,480.4
Product_240,32.72,8.99,58.28,445.0
Product_241,17.07,18.45,39.38,391.8
Product_242,11.37,18.32,17.8,281.6
Product_243,20.54,59.3,0.19,616.7
Product_244,29.58,20.11,17.4,368.9
Product_245,4.55,13.73,25.72,244.7
Product_246,15.76,51.89,32.34,659.5
Product_247,6.02,8.31,35.77,242.0
Product_248,22.65,44.02,33.33,620.1
Product_249,29.54,40.47,29.98,602.4
Product_250,16.96,38.82,2.63,427.8
Product_251,16.73,25.67,21.36,383.4
Product_252,21.47,10.47,68.06,452.3
Product_253,9.68,6.37,2.19,104.8
Product_254,11.13,6.22,58.72,335.4
Product_255,14.84,20.95,38.11,400.3
Product_256,20.27,24.05,55.68,520.3
Product_257,3.67,55.42,26.6,619.9
Product_258,33.87,32.17,29.61,543.5
Product_259,20.54,46.86,32.59,634.3
Product_260,10.41,33.4,56.19,567.0
Product_261,3.49,8.78,26.27,198.0
Product_262,34.34,33.21,6.87,463.8
Product_263,5.9,9.56,3.06,121.9
Product_264,5.99,2.35,70.53,327.2
Product_265,5.88,56.63,25.1,633.6
Product_266,3.66,20.27,9.56,235.3
Product_267,40.79,11.38,47.71,456.4
Product_268,12.12,6.11,67.59,373.8
Product_269,13.67,38.79,47.55,593.9
Product_270,37.48,27.67,12.14,447.5
Product_271,27.9,0.7,32.46,247.7
Product_272,8.42,42.91,21.32,505.2
Product_273,19.57,15.4,1.33,222.2
Product_274,24.27,28.58,47.15,542.9
Product_275,16.89,29.32,36.74,478.4
Product_276,31.99,32.13,10.78,460.3
Product_277,4.25,26.74,69.01,533.7
Product_278,21.52,26.67,51.82,533.3
Product_279,21.89,37.21,40.9,586.1
Product_280,35.28,45.45,19.27,627.3
Product_281,30.34,4.15,15.24,219.6
Product_282,16.68,29.69,42.01,502.0
Product_283,2.89,14.06,46.68,324.8
Product_284,23.34,6.14,70.27,429.8
Product_285,27.67,9.51,62.82,447.5
Product_286,8.59,14.89,72.83,459.7
Product_287,11.98,57.58,27.37,675.6
Product_288,20.86,38.64,40.5,593.2
Product_289,33.67,51.18,9.91,634.9
Product_290,32.59,33.87,33.53,569.4
Product_291,5.66,18.94,5.66,215.7
Product_292,8.29,23.47,8.9,280.0
Product_293,35.98,26.44,9.76,420.9
Product_294,29.0,17.6,24.11,370.9
Product_295,32.44,25.29,24.77,456.5
Product_296,30.4,31.36,38.23,556.8
Product_297,42.26,4.54,6.08,234.3
Product_298,37.94,16.59,8.89,336.7
Product_299,30.09,24.73,45.18,523.7
Product_300,15.85,36.17,47.98,580.9
Product_301,23.19,31.14,45.67,555.7
Product_302,7.59,39.76,52.66,598.8
Product_303,34.18,6.32,53.03,405.7
Product_304,34.1,10.85,44.21,410.8
Product_305,29.43,16.81,53.77,484.0
Product_306,20.02,16.9,6.52,258.3
Product_307,17.02,45.34,16.94,543.9
Product_308,13.71,43.25,43.04,616.2
Product_309,1.5,40.99,15.4,436.5
Product_310,37.99,1.98,42.46,339.7
Product_311,24.41,17.86,20.82,341.6
Product_312,17.42,48.12,34.46,640.6
Product_313,16.79,37.77,45.44,588.8
Product_314,26.83,29.49,43.67,547.5
Product_315,17.17,20.93,35.62,399.5
Product_316,37.38,21.31,21.88,428.8
Product_317,28.78,26.43,44.79,532.2
Product_318,14.31,42.55,43.14,612.8
Product_319,6.2,20.45,35.2,349.6
Product_320,29.7,9.93,60.37,449.7
Product_321,44.57,0.17,55.26,400.8
Product_322,6.66,8.25,78.45,414.7
Product_323,23.53,37.47,39.0,587.4
Product_324,25.33,25.56,49.11,527.8
Product_325,28.59,41.02,30.39,605.1
Product_326,5.55,4.17,56.8,286.9
Product_327,4.13,21.96,67.39,483.8
Product_328,44.45,47.74,7.24,636.4
Product_329,5.25,39.67,37.94,529.8
Product_330,7.96,4.0,48.45,261.6
Product_331,25.87,24.09,4.62,338.8
Product_332,16.53,31.49,51.97,557.5
Product_333,25.53,31.2,43.28,556.0
Product_334,7.75,24.51,67.74,522.5
Product_335,41.15,11.29,29.76,385.3
Product_336,9.29,55.06,35.66,675.3
Product_337,25.53,20.65,53.82,503.2
Product_338,3.04,43.04,32.92,531.2
Product_339,17.73,26.71,55.56,533.6
Product_340,1.47,4.84,33.71,184.3
Product_341,14.12,14.2,27.02,292.4
Product_342,14.05,3.78,22.18,179.0
Product_343,32.39,11.45,17.08,300.9
Product_344,20.48,12.01,34.51,328.1
Product_345,2.55,24.89,12.93,286.0
Product_346,34.37,14.81,50.82,474.0
Product_347,28.63,15.57,55.8,477.9
Product_348,41.23,49.01,7.8,637.2
Product_349,11.1,1.28,4.39,73.5
Product_350,17.73,6.2,0.3,128.0
Product_351,7.67,36.37,55.96,581.9
Product_352,5.62,32.04,5.9,334.4
Product_353,1.49,26.33,54.41,460.6
Product_354,22.65,16.04,24.31,332.2
Product_355,5.54,32.54,15.86,378.4
Product_356,7.93,13.29,19.71,230.2
Product_357,26.63,35.42,37.95,577.1
Product_358,21.79,49.44,1.44,537.9
Product_359,8.27,19.31,69.19,483.6
Product_360,30.14,1.47,45.42,315.5
Product_361,11.96,53.26,18.85,602.6
Product_362,23.71,17.92,16.67,322.8
Product_363,12.18,37.71,50.11,588.5
Product_364,18.57,41.17,40.26,605.9
Product_365,27.83,47.13,25.04,635.7
Product_366,23.52,50.44,26.04,652.2
Product_367,17.8,29.35,37.08,483.6
Product_368,22.39,31.79,45.82,559.0
Product_369,35.72,25.15,39.14,525.7
Product_370,8.07,15.83,67.21,443.6
Product_371,6.13,28.86,51.27,489.3
Product_372,5.09,20.12,44.97,381.4
Product_373,34.1,35.6,30.3,578.0
Product_374,28.88,34.01,37.11,570.1
Product_375,10.38,8.47,39.32,275.0
Product_376,39.11,8.84,52.05,444.2
Product_377,9.35,23.02,14.57,302.8
Product_378,22.79,27.8,25.79,444.5
Product_379,14.96,38.35,46.69,591.8
Product_380,31.84,43.7,24.45,618.5
Product_381,1.43,45.58,52.99,627.9
Product_382,10.67,32.92,56.41,564.6
Product_383,23.7,35.67,40.63,578.4
Product_384,2.99,16.22,8.15,190.6
Product_385,10.64,22.36,60.55,486.0
Product_386,20.93,0.16,53.27,298.2
Product_387,35.12,44.28,20.61,621.4
Product_388,28.57,13.82,57.61,469.1
Product_389,37.3,4.76,38.62,346.5
Product_390,34.25,18.94,4.56,325.7
Product_391,31.85,19.39,5.44,323.7
Product_392,38.24,43.44,18.27,617.0
Product_393,30.67,0.34,48.79,320.9
Product_394,29.53,12.31,58.16,461.5
Product_395,13.57,53.79,7.92,570.1
Product_396,7.54,51.29,1.78,498.9
Product_397,28.0,31.04,40.96,555.2
Product_398,7.46,33.54,32.76,462.7
Product_399,41.38,13.36,35.33,427.0
Product_400,18.52,36.21,45.28,581.0
Product_401,11.06,34.06,54.87,570.3
Product_402,28.04,20.48,51.48,502.4
Product_403,6.98,9.66,62.33,364.2
Product_404,23.15,12.95,0.26,210.2
Product_405,4.12,22.76,12.04,269.5
Product_406,39.39,18.01,42.6,490.1
Product_407,24.43,3.46,72.11,417.3
Product_408,36.16,24.38,6.52,390.2
Product_409,12.69,26.92,41.19,457.8
Product_410,36.08,17.22,31.72,426.2
Product_411,31.63,23.06,32.55,464.2
Product_412,28.97,19.94,21.48,381.3
Product_413,42.78,22.61,21.66,461.2
Product_414,19.51,37.14,19.07,488.6
Product_415,18.68,29.84,8.25,376.3
Product_416,31.15,11.86,44.33,408.6
Product_417,31.06,39.44,29.49,597.2
Product_418,14.65,29.92,55.43,549.6
Product_419,27.69,25.27,47.04,526.4
Product_420,7.32,33.33,59.35,566.6
Product_421,24.83,45.13,27.17,614.1
Product_422,22.17,32.62,45.21,563.1
Product_423,2.94,48.67,30.78,573.0
Product_424,26.05,31.92,42.03,559.6
Product_425,0.64,39.93,59.43,599.6
Product_426,43.13,9.43,31.74,384.3
Product_427,21.09,41.96,35.69,604.7
Product_428,18.41,15.27,50.5,413.0
Product_429,32.42,15.47,8.86,304.4
Product_430,23.55,7.21,42.54,329.2
Product_431,32.89,23.81,7.6,376.3
Product_432,3.81,1.19,17.99,97.9
Product_433,22.1,34.4,43.5,572.0
Product_434,17.0,30.37,52.63,551.9
Product_435,24.9,27.63,47.47,538.1
Product_436,1.78,7.73,20.85,160.1
Product_437,20.38,38.47,11.71,474.5
Product_438,23.63,41.85,34.52,609.3
Product_439,24.78,2.16,35.31,259.8
Product_440,3.34,11.6,30.35,239.2
Product_441,25.61,15.41,58.98,477.1
Product_442,10.0,27.72,56.78,516.6
Product_443,8.8,10.33,44.95,308.0
Product_444,32.52,26.59,40.89,533.0
Product_445,8.9,20.64,46.55,407.5
Product_446,17.95,34.51,47.54,572.5
Product_447,24.14,22.79,53.07,514.0
Product_448,21.4,27.68,50.92,538.4
Product_449,21.1,12.52,66.38,462.6
Product_450,24.62,28.76,46.62,543.8
Product_451,20.96,44.08,8.38,514.1
Product_452,26.0,40.34,33.65,601.7
Product_453,35.61,3.97,60.42,419.8
Product_454,27.53,51.22,21.25,656.1
Product_455,25.78,30.89,43.33,554.5
Product_456,18.28,16.34,4.42,237.8
Product_457,25.12,26.05,16.29,400.1
Product_458,17.82,31.06,32.02,478.9
Product_459,33.49,31.07,5.62,436.0
Product_460,17.12,14.88,33.95,338.2
Product_461,21.0,15.9,18.41,300.7
Product_462,27.25,17.49,55.26,487.4
Product_463,22.66,46.86,25.5,614.4
Product_464,15.21,26.25,30.46,418.9
Product_465,35.88,2.24,61.88,411.2
Product_466,17.14,27.13,44.77,491.9
Product_467,38.01,12.08,4.01,276.8
Product_468,35.34,0.74,17.41,217.7
Product_469,15.77,45.93,38.29,629.7
Product_470,32.08,17.62,15.95,350.7
Product_471,1.55,32.25,19.86,375.9
Product_472,17.54,21.49,49.83,462.9
Product_473,38.72,3.2,39.57,342.0
Product_474,25.65,53.17,21.18,665.9
Product_475,19.93,44.56,35.51,622.8
Product_476,29.91,11.19,50.7,423.1
Product_477,30.5,25.08,3.15,360.3
Product_478,26.26,22.42,21.91,394.4
Product_479,18.93,10.03,24.62,264.5
Product_480,6.98,33.57,59.45,567.9
Product_481,13.17,46.92,4.11,491.4
Product_482,13.18,45.58,27.77,574.0
Product_483,19.38,40.52,15.56,504.4
Product_484,44.24,1.03,54.73,405.2
Product_485,15.86,13.78,64.9,447.0
Product_486,20.13,30.88,4.59,376.8
Product_487,13.07,32.96,53.97,564.8
Product_488,24.91,22.08,53.01,510.4
Product_489,42.66,26.96,17.36,482.7
Product_490,24.44,30.81,44.75,554.1
Product_491,16.97,1.41,23.44,174.4
Product_492,12.01,16.12,63.08,445.4
Product_493,39.8,17.4,6.0,339.7
Product_494,18.79,50.36,30.85,651.8
Product_495,30.85,13.65,40.46,408.1
Product_496,3.3,2.83,71.73,325.5
Product_497,29.79,19.09,51.12,495.4
Product_498,14.08,38.97,43.71,581.9
Product_499,22.25,9.21,4.12,188.4
Product_500,8.91,50.38,34.4,626.7
Product_501,18.91,11.79,30.02,301.8
Product_502,23.41,26.55,50.04,532.8
Product_503,36.72,9.57,53.7,447.9
Product_504,19.99,49.62,30.39,648.1
Product_505,34.56,12.08,29.19,363.7
Product_506,16.37,34.85,48.77,574.3
Product_507,16.8,50.32,7.66,550.7
Product_508,23.35,14.54,62.12,472.7
Product_509,9.06,5.57,53.67,301.1
Product_510,14.25,35.17,34.82,512.8
Product_511,26.82,25.25,47.93,526.3
Product_512,34.67,28.76,31.83,524.8
Product_513,2.55,46.88,11.45,477.9
Product_514,32.98,27.79,33.36,515.4
Product_515,36.78,29.82,4.11,432.0
Product_516,20.03,29.24,6.97,371.1
Product_517,2.81,27.28,35.12,397.2
Product_518,25.38,20.11,54.51,500.5
Product_519,11.08,9.65,16.29,196.4
Product_520,28.95,17.72,40.07,435.5
Product_521,15.25,14.3,70.45,471.5
Product_522,26.12,13.57,60.31,467.8
Product_523,8.88,35.93,55.19,579.6
Product_524,21.44,6.84,54.0,363.3
Product_525,23.61,12.33,47.13,393.9
Product_526,26.66,29.65,43.7,548.2
Product_527,9.14,18.75,48.1,397.7
Product_528,43.29,14.41,37.2,451.6
Product_529,13.01,22.4,28.85,369.1
Product_530,13.77,30.12,19.1,402.6
Product_531,11.53,40.46,5.22,431.2
Product_532,3.04,58.33,29.53,655.3
Product_533,14.44,38.82,46.74,594.1
Product_534,33.16,24.63,42.21,523.2
Product_535,31.93,27.1,13.12,424.1
Product_536,8.8,24.94,65.14,520.2
Product_537,6.16,14.34,3.32,166.9
Product_538,9.9,39.1,51.0,595.5
Product_539,34.57,4.12,52.14,383.9
Product_540,21.96,12.3,44.49,376.5
Product_541,36.36,34.76,28.89,573.8
Product_542,22.56,27.02,50.42,535.1
Product_543,27.94,16.72,0.54,264.4
Product_544,34.55,56.22,1.27,649.2
Product_545,33.76,24.57,41.63,522.7
Product_546,15.47,35.78,23.77,478.9
Product_547,11.57,5.46,32.12,223.9
Product_548,16.97,46.05,36.98,630.3
Product_549,22.02,6.18,3.5,157.7
Product_550,5.87,21.76,72.37,508.8
Product_551,15.61,41.77,42.62,608.9
Product_552,28.79,56.7,7.91,657.1
Product_553,5.11,45.41,49.47,627.1
Product_554,6.21,49.66,42.63,642.3
Product_555,7.82,14.0,54.96,377.1
Product_556,12.75,1.91,59.02,304.3
Product_557,28.91,18.11,52.98,490.5
Product_558,1.16,3.79,9.47,76.6
Product_559,5.68,39.58,54.74,597.9
Product_560,7.43,0.49,38.15,186.7
Product_561,21.35,19.53,16.08,325.4
Product_562,0.68,12.2,29.89,232.0
Product_563,20.62,0.82,29.15,206.4
Product_564,6.73,27.5,65.77,537.5
Product_565,12.13,4.56,41.94,257.4
Product_566,35.66,54.0,5.34,650.0
Product_567,7.76,38.66,53.58,593.3
Product_568,27.77,22.2,39.82,470.2
Product_569,13.65,37.7,48.65,588.5
Product_570,18.79,47.81,3.72,520.3
Product_571,29.28,15.6,55.12,478.0
Product_572,5.59,39.25,55.16,596.3
Product_573,41.57,55.76,0.66,670.8
Product_574,34.79,32.19,33.02,560.9
Product_575,30.07,21.11,9.73,349.2
Product_576,2.23,54.04,42.35,664.6
Product_577,29.85,56.57,7.14,657.1
Product_578,22.74,17.54,59.73,487.7
Product_579,34.75,5.18,14.69,244.4
Product_580,8.36,45.22,46.42,626.1
Product_581,31.76,29.53,38.71,547.7
Product_582,39.88,13.92,25.67,387.5
Product_583,5.15,34.02,17.16,395.4
Product_584,13.39,17.46,69.14,487.3
Product_585,1.46,55.15,3.18,514.9
Product_586,37.39,20.53,20.33,415.6
Product_587,41.18,11.78,26.14,375.2
Product_588,44.54,2.59,46.73,388.4
Product_589,27.54,20.55,29.54,413.2
Product_590,29.97,59.37,8.91,689.8
Product_591,30.53,13.1,45.63,422.5
Product_592,23.1,24.74,52.16,523.7
Product_593,27.2,37.02,35.78,585.1
Product_594,27.35,0.4,39.17,269.7
Product_595,15.11,17.7,24.55,318.0
Product_596,23.08,49.27,0.82,539.0
Product_597,0.84,5.74,42.62,225.6
Product_598,23.52,40.2,36.29,601.0
Product_599,26.78,42.94,30.27,614.7
Product_600,18.17,8.23,73.6,441.2
Product_601,38.32,35.54,16.18,537.8
Product_602,25.67,25.16,49.17,525.8
Product_603,13.26,36.42,50.32,582.1
Product_604,3.49,18.41,71.95,467.4
Product_605,5.78,22.39,71.84,511.9
Product_606,8.29,14.45,18.94,239.0
Product_607,13.03,16.69,70.28,483.5
Product_608,20.14,10.54,32.26,304.5
Product_609,27.78,36.09,36.13,580.5
Product_610,8.82,37.5,53.68,587.5
Product_611,36.87,19.7,43.43,498.5
Product_612,25.76,35.0,39.24,575.0
Product_613,38.41,29.42,5.67,441.1
Product_614,18.15,16.85,47.73,415.1
Product_615,0.15,20.98,19.29,266.5
Product_616,28.47,46.56,24.97,632.8
Product_617,11.05,20.49,30.23,349.5
Product_618,5.39,29.18,65.44,545.9
Product_619,25.04,39.46,35.51,597.3
Product_620,28.94,16.73,54.34,483.6
Product_621,9.56,48.54,13.82,530.3
Product_622,12.04,6.84,24.34,207.1
Product_623,27.01,28.12,44.87,540.6
Product_624,12.08,48.4,9.62,522.4
Product_625,19.99,31.78,48.23,558.9
Product_626,5.83,58.5,34.19,686.6
Product_627,33.18,38.59,28.22,593.0
Product_628,5.03,55.79,39.18,678.9
Product_629,23.22,16.7,35.46,385.0
Product_630,1.58,31.29,37.64,438.6
Product_631,24.75,12.84,33.92,350.3
Product_632,38.1,5.01,56.14,422.1
Product_633,3.8,26.34,22.1,340.6
Product_634,12.34,43.18,13.32,491.3
Product_635,29.7,40.31,30.0,601.5
Product_636,27.36,1.02,7.06,146.9
Product_637,13.23,53.13,33.64,665.7
Product_638,28.3,14.83,39.55,404.9
Product_639,20.31,17.4,62.29,487.0
Product_640,38.81,49.94,8.72,639.6
Product_641,13.18,53.65,31.75,662.6
Product_642,24.23,31.4,44.37,557.0
Product_643,28.61,19.97,27.06,402.4
Product_644,26.03,21.7,52.27,508.5
Product_645,13.66,40.2,46.14,601.0
Product_646,32.62,21.44,3.34,336.8
Product_647,28.42,43.7,27.88,618.5
Product_648,13.88,37.34,48.79,586.7
Product_649,1.19,28.12,42.12,426.3
Product_650,28.7,35.64,35.66,578.2
Product_651,23.9,17.17,58.94,485.8
Product_652,8.51,41.57,49.91,607.9
Product_653,28.61,33.39,38.0,567.0
Product_654,12.53,19.85,67.62,499.3
Product_655,21.12,31.91,34.42,509.3
Product_656,38.69,36.36,0.83,485.4
Product_657,20.16,32.21,21.8,457.7
Product_658,12.96,6.64,47.58,301.9
Product_659,9.22,39.9,50.88,599.5
Product_660,3.15,52.71,44.14,663.5
Product_661,9.88,2.25,22.7,150.5
Product_662,8.23,38.2,53.57,591.0
Product_663,7.78,31.89,32.01,446.2
Product_664,2.84,7.54,18.22,152.1
Product_665,18.32,43.03,38.66,615.1
Product_666,9.65,25.98,27.52,382.5
Product_667,33.24,42.79,8.93,553.8
Product_668,28.02,33.5,38.48,567.5
Product_669,12.28,32.28,55.32,560.9
Product_670,24.18,2.8,73.02,414.0
Product_671,22.8,49.35,10.95,579.1
Product_672,2.87,35.33,61.8,576.7
Product_673,4.53,44.04,51.43,620.2
Product_674,39.82,16.21,20.25,386.1
Product_675,19.98,44.12,35.9,620.6
Product_676,26.05,37.69,36.27,588.4
Product_677,3.0,21.3,25.2,304.5
Product_678,26.77,24.61,8.6,363.0
Product_679,30.92,15.91,53.17,479.6
Product_680,39.02,0.34,13.18,211.9
Product_681,0.26,13.89,39.26,283.1
Product_682,23.48,19.89,35.02,413.0
Product_683,16.61,6.5,72.24,413.9
Product_684,27.39,36.79,35.81,584.0
Product_685,3.29,25.62,33.95,379.5
Product_686,9.6,27.46,62.94,537.3
Product_687,36.57,17.08,28.2,412.8
Product_688,20.95,21.43,57.62,507.2
Product_689,20.39,45.2,18.72,563.3
Product_690,32.93,21.3,45.77,506.5
Product_691,13.05,32.45,54.49,562.3
Product_692,1.88,25.36,66.25,500.8
Product_693,17.65,33.42,38.78,526.5
Product_694,6.9,53.84,17.77,583.3
Product_695,3.69,16.04,50.56,361.4
Product_696,19.73,24.05,56.22,520.2
Product_697,39.39,37.85,22.75,589.3
Product_698,26.07,5.21,1.61,157.6
Product_699,28.65,56.79,14.56,683.9
Product_700,12.23,25.12,62.65,525.6
Product_701,25.7,14.72,0.48,237.2
Product_702,33.85,45.63,4.31,563.3
Product_703,26.52,48.93,7.87,578.0
Product_704,24.86,26.04,49.1,530.2
Product_705,22.44,49.79,27.77,648.9
Product_706,8.92,5.33,55.33,305.0
Product_707,22.93,27.68,49.38,538.4
Product_708,21.79,43.96,34.25,619.8
Product_709,6.17,45.44,48.4,627.2
Product_710,26.99,37.28,35.74,586.4
Product_711,31.62,31.09,37.29,555.4
Product_712,6.08,23.29,24.55,332.1
Product_713,24.52,34.3,0.16,407.4
Product_714,29.02,29.26,41.72,546.3
Product_715,18.14,54.3,21.25,646.3
Product_716,12.15,49.63,22.01,583.3
Product_717,12.76,33.69,53.55,568.5
Product_718,22.41,50.97,26.62,654.8
Product_719,30.9,3.97,8.19,192.1
Product_720,20.66,37.92,41.41,589.6
Product_721,4.82,27.82,43.08,441.9
Product_722,36.8,45.11,4.61,571.6
Product_723,41.57,17.77,27.91,437.9
Product_724,4.56,28.04,48.9,466.2
Product_725,11.23,49.48,22.38,579.7
Product_726,7.82,2.11,78.89,365.8
Product_727,31.95,14.61,53.44,473.0
Product_728,37.03,26.5,36.47,532.5
Product_729,1.58,40.44,57.98,602.2
Product_730,14.96,16.2,2.78,216.8
Product_731,8.66,49.38,17.96,551.0
Product_732,19.39,13.46,67.15,467.3
Product_733,41.32,18.12,40.55,490.6
Product_734,3.16,33.23,13.62,366.2
Product_735,7.71,39.23,45.61,566.4
Product_736,16.46,39.66,43.88,598.3
Product_737,18.92,42.34,38.74,611.7
Product_738,33.55,15.01,3.67,284.0
Product_739,19.7,44.74,2.94,493.2
Product_740,6.35,38.1,32.57,498.6
Product_741,15.91,23.17,1.3,277.4
Product_742,44.19,46.56,6.73,622.7
Product_743,24.3,38.73,36.97,593.7
Product_744,5.24,28.75,35.08,420.0
Product_745,36.37,54.97,6.84,667.5
Product_746,13.99,7.66,70.12,405.3
Product_747,35.16,9.97,29.48,348.3
Product_748,0.49,39.16,60.35,595.8
Product_749,36.89,17.25,45.86,486.2
Product_750,7.3,35.12,49.68,544.0
Product_751,20.51,29.82,33.92,486.1
Product_752,29.78,8.75,53.76,412.9
Product_753,22.85,45.25,19.48,576.6
Product_754,7.44,44.49,20.59,512.5
Product_755,6.26,8.71,69.99,383.4
Product_756,12.8,15.59,16.3,256.7
Product_757,2.36,48.04,30.88,565.3
Product_758,7.85,44.12,48.02,620.6
Product_759,5.85,52.21,26.4,598.9
Product_760,20.92,30.11,29.28,471.8
Product_761,14.48,19.89,65.63,499.5
Product_762,26.41,26.72,16.52,412.1
Product_763,12.64,10.58,19.29,223.0
Product_764,1.49,29.11,69.4,545.6
Product_765,14.9,13.85,22.02,272.4
Product_766,33.98,9.72,26.45,329.2
Product_767,10.97,21.77,67.26,508.8
Product_768,18.2,3.84,25.69,210.1
Product_769,23.93,19.88,56.19,499.4
Product_770,14.55,33.21,52.24,566.0
Product_771,27.21,26.64,46.16,533.2
Product_772,35.05,49.64,15.32,648.2
Product_773,13.97,53.15,17.37,603.7
Product_774,25.21,28.95,45.84,544.7
Product_775,8.67,40.99,50.34,605.0
Product_776,6.28,26.67,17.96,337.0
Product_777,19.7,47.93,16.48,576.1
Product_778,27.11,17.07,19.48,340.0
Product_779,42.1,31.6,11.01,496.9
Product_780,6.57,58.79,33.7,690.2
Product_781,29.62,33.2,37.18,566.0
Product_782,20.96,29.79,49.24,549.0
Product_783,5.93,47.24,4.43,466.6
Product_784,43.77,18.74,15.38,405.3
Product_785,31.31,49.86,9.37,611.5
Product_786,5.8,1.11,21.6,119.6
Product_787,40.76,14.3,14.86,351.1
Product_788,4.64,10.63,74.9,413.9
Product_789,4.17,15.44,29.87,275.1
Product_790,14.92,56.73,11.11,614.7
Product_791,42.21,1.43,53.32,395.0
Product_792,1.49,17.92,77.83,478.6
Product_793,29.65,24.73,45.61,523.7
Product_794,22.64,34.7,42.66,573.5
Product_795,3.02,46.43,30.25,550.9
Product_796,25.59,23.0,32.26,438.4
Product_797,20.65,13.21,24.17,298.2
Product_798,18.0,36.27,45.74,581.3
Product_799,31.66,6.99,61.34,435.0
Product_800,30.54,3.9,39.15,313.9
Product_801,35.13,10.88,53.99,454.4
Product_802,7.05,29.56,52.18,502.9
Product_803,24.72,38.21,37.07,591.0
Product_804,18.5,43.73,21.5,553.6
Product_805,35.25,33.84,19.33,522.8
Product_806,40.13,31.27,18.22,514.9
Product_807,28.03,26.13,45.84,530.6
Product_808,10.54,33.09,56.37,565.5
Product_809,18.12,17.94,63.95,489.7
Product_810,37.28,4.89,57.83,424.4
Product_811,35.76,10.13,54.11,450.6
Product_812,16.78,46.96,34.88,629.3
Product_813,29.87,26.88,43.25,534.4
Product_814,18.27,47.83,13.33,556.9
Product_815,16.86,2.67,52.46,301.3
Product_816,34.05,54.05,3.42,636.3
Product_817,17.47,18.89,63.64,494.5
Product_818,13.81,38.04,48.16,590.2
Product_819,17.38,35.67,13.2,443.3
Product_820,17.11,28.85,54.03,544.3
Product_821,5.19,40.48,54.34,602.4
Product_822,2.75,37.53,3.36,362.2
Product_823,28.35,33.82,37.84,569.1
Product_824,25.4,9.46,33.61,321.1
Product_825,26.06,31.26,42.67,556.3
Product_826,28.12,16.66,55.22,483.3
Product_827,10.35,4.54,57.84,313.6
Product_828,10.52,7.99,16.89,181.6
Product_829,12.51,28.79,44.38,486.6
Product_830,13.68,15.75,44.94,376.2
Product_831,34.23,45.92,0.91,553.8
Product_832,16.84,7.34,10.55,175.6
Product_833,14.54,0.83,28.76,180.7
Product_834,27.88,58.25,13.87,691.2
Product_835,8.4,18.78,18.98,278.5
Product_836,4.79,30.59,54.09,510.8
Product_837,25.95,10.43,63.62,452.1
Product_838,34.04,12.53,36.64,395.5
Product_839,13.34,24.14,51.69,477.3
Product_840,20.9,34.61,44.49,573.0
Product_841,1.53,2.34,53.84,242.5
Product_842,15.04,41.52,43.44,607.6
Product_843,26.01,59.42,0.09,639.2
Product_844,9.96,29.29,60.76,546.4
Product_845,15.67,21.6,12.9,308.7
Product_846,27.43,14.04,14.44,293.8
Product_847,26.55,10.98,40.78,368.1
Product_848,6.94,19.4,46.95,390.2
Product_849,22.18,35.65,42.17,578.2
Product_850,3.6,0.2,23.43,109.9
Product_851,26.22,28.34,45.44,541.7
Product_852,9.11,40.05,50.26,597.9
Product_853,11.41,1.14,67.53,326.0
Product_854,9.01,4.17,38.16,226.3
Product_855,44.62,44.1,5.69,598.2
Product_856,12.9,40.39,0.97,419.0
Product_857,27.24,18.81,51.22,483.1
Product_858,34.2,39.65,26.15,598.2
Product_859,42.75,12.61,35.24,425.4
Product_860,1.91,25.61,26.08,342.5
Product_861,23.45,6.9,14.26,213.0
Product_862,26.09,37.36,36.54,586.8
Product_863,31.61,5.22,20.38,255.0
Product_864,15.12,10.77,71.42,443.1
Product_865,14.76,45.98,14.3,530.0
Product_866,0.18,27.89,71.93,539.4
Product_867,1.44,36.06,62.5,580.3
Product_868,24.75,44.04,30.69,618.1
Product_869,3.36,35.81,60.83,579.0
Product_870,9.11,11.87,46.46,329.1
Product_871,15.0,41.91,37.27,586.3
Product_872,3.17,6.96,64.96,335.1
Product_873,1.39,16.19,66.46,417.1
Product_874,41.71,26.89,16.12,473.3
Product_875,19.58,6.87,72.48,430.1
Product_876,9.22,6.36,2.57,104.4
Product_877,31.88,39.14,0.44,481.5
Product_878,0.43,44.52,38.69,557.1
Product_879,11.03,22.24,24.11,340.7
Product_880,43.04,23.29,33.67,516.4
Product_881,40.4,12.46,38.32,427.0
Product_882,28.62,31.3,37.47,546.0
Product_883,3.76,31.19,65.05,556.0
Product_884,9.95,38.96,51.09,594.8
Product_885,1.26,2.43,27.7,137.7
Product_886,9.86,54.52,23.01,622.2
Product_887,1.01,52.65,46.34,663.2
Product_888,5.68,20.78,15.87,273.2
Product_889,27.38,41.84,30.78,609.2
Product_890,4.06,44.41,51.54,622.0
Product_891,7.01,39.07,0.46,381.5
Product_892,33.94,14.48,51.58,472.4
Product_893,13.58,33.62,52.81,568.1
Product_894,14.98,52.61,30.98,657.4
Product_895,3.89,6.42,19.83,152.7
Product_896,33.22,26.71,40.07,533.6
Product_897,30.44,1.36,23.65,228.6
Product_898,17.46,35.95,46.58,579.8
Product_899,22.84,38.36,38.8,591.8
Product_900,4.52,2.76,24.54,141.1
Product_901,9.67,36.96,53.37,584.8
Product_902,22.57,35.66,41.77,578.3
Product_903,42.85,7.58,10.56,281.8
Product_904,36.26,31.07,32.66,555.4
Product_905,26.36,37.82,35.82,589.1
Product_906,19.61,16.91,63.48,484.5
Product_907,0.68,30.23,25.65,377.4
Product_908,29.8,43.53,26.67,617.6
Product_909,2.52,31.97,65.51,559.9
Product_910,5.81,30.12,34.09,430.7
Product_911,30.78,3.91,65.31,419.5
Product_912,36.55,7.27,7.76,242.6
Product_913,30.01,43.28,26.71,616.4
Product_914,20.36,44.56,14.7,541.3
Product_915,6.19,38.9,54.91,594.5
Product_916,1.59,34.69,44.21,495.4
Product_917,38.31,34.56,17.48,534.2
Product_918,44.0,31.83,7.37,492.0
Product_919,10.99,44.1,33.67,575.6
Product_920,38.97,19.81,7.71,365.1
Product_921,18.11,29.8,38.82,496.0
Product_922,13.94,28.05,58.01,540.2
Product_923,22.73,39.7,24.83,547.5
Product_924,0.37,12.97,13.4,171.8
Product_925,19.92,1.5,28.92,208.9
Product_926,8.98,5.31,13.29,136.9
Product_927,29.06,9.75,61.19,448.7
Product_928,22.62,51.43,7.69,584.1
Product_929,27.65,30.42,41.93,552.1
Product_930,36.01,40.16,23.83,600.8
Product_931,14.25,26.65,58.27,530.0
Product_932,12.62,6.17,61.68,352.7
Product_933,42.26,27.92,10.8,463.5
Product_934,16.8,38.36,44.84,591.8
Product_935,3.93,27.64,68.44,538.2
Product_936,2.06,37.91,45.36,530.9
Product_937,37.57,18.93,43.5,494.6
Product_938,26.06,9.01,25.81,288.5
Product_939,2.45,37.6,13.96,404.0
Product_940,20.6,26.06,53.33,530.3
Product_941,20.8,19.01,60.18,495.1
Product_942,19.59,15.51,16.49,283.9
Product_943,42.81,41.76,9.08,583.4
Product_944,42.69,19.07,28.18,455.2
Product_945,5.62,34.56,50.09,533.9
Product_946,6.83,15.58,29.21,284.4
Product_947,13.04,32.14,54.83,560.7
Product_948,30.43,18.24,51.33,491.2
Product_949,21.58,22.07,56.35,510.4
Product_950,24.07,40.78,35.15,603.9
Product_951,20.02,33.29,46.69,566.4
Product_952,7.29,34.06,58.65,570.3
Product_953,36.8,20.36,2.85,341.8
Product_954,0.63,50.42,45.99,640.3
Product_955,31.43,23.15,14.97,393.9
Product_956,6.64,45.04,48.32,625.2
Product_957,21.2,53.75,18.61,643.0
Product_958,30.74,27.7,41.56,538.5
Product_959,24.08,49.51,26.41,647.6
Product_960,2.56,32.64,52.12,512.5
Product_961,16.41,37.4,46.19,587.0
Product_962,27.03,6.81,66.15,434.1
Product_963,1.94,45.05,53.01,625.3
Product_964,11.37,48.01,35.02,617.7
Product_965,0.83,8.55,55.12,300.7
Product_966,24.3,14.56,14.59,286.6
Product_967,17.17,34.5,7.85,410.5
Product_968,18.05,36.45,45.5,582.2
Product_969,13.31,8.93,72.55,423.8
Product_970,20.12,39.23,40.65,596.1
Product_971,7.79,20.76,41.34,383.3
Product_972,27.04,39.57,33.39,597.9
Product_973,29.44,30.77,39.8,553.8
Product_974,22.18,29.13,45.55,533.1
Product_975,20.94,21.76,29.05,395.8
Product_976,34.37,5.14,60.48,425.7
Product_977,13.04,5.27,29.54,217.8
Product_978,24.72,25.83,49.45,529.2
Product_979,10.49,37.64,51.87,588.2
Product_980,21.56,36.23,42.21,581.2
Product_981,14.5,21.13,64.36,505.7
Product_982,16.71,34.66,48.64,573.3
Product_983,30.05,12.85,57.11,464.2
Product_984,2.44,56.39,40.11,677.8
Product_985,29.86,45.32,24.81,626.6
Product_986,24.38,9.3,58.65,415.8
Product_987,11.67,35.34,52.99,576.7
Product_988,14.54,38.95,46.5,594.8
Product_989,3.12,42.15,2.06,400.0
Product_990,11.63,50.42,3.08,512.7
Product_991,28.04,32.2,37.13,550.5
Product_992,4.39,30.41,63.02,543.3
Product_993,24.46,17.88,57.66,489.4
Product_994,34.58,41.46,23.96,607.3
Product_995,31.62,38.74,29.64,593.7
Product_996,40.02,9.63,41.04,410.9
Product_997,36.3,46.33,7.57,592.4
Product_998,8.01,16.53,0.07,181.1
Product_999,43.66,11.03,41.89,441.5
Product_1000,9.12,11.83,40.34,304.4
Product_1001,27.43,24.12,48.45,520.6
Product_1002,39.5,16.79,14.53,367.2
Product_1003,25.27,13.13,61.6,465.6
Product_1004,23.46,5.91,21.7,233.8
Product_1005,9.02,19.48,43.14,384.0
Product_1006,18.5,36.75,44.75,583.7
Product_1007,13.08,1.3,11.62,110.5
Product_1008,5.13,26.25,68.62,531.2
Product_1009,4.87,30.5,64.63,552.5
Product_1010,30.91,2.55,66.54,412.8
Product_1011,41.51,17.64,0.18,325.5
Product_1012,5.69,48.45,45.86,642.3
Product_1013,0.52,52.36,47.12,661.8
Product_1014,8.9,38.28,52.82,591.4
Product_1015,6.05,10.18,16.12,180.3
Product_1016,8.49,45.85,9.92,486.3
Product_1017,22.23,22.91,54.85,514.6
Product_1018,19.0,10.24,20.94,251.9
Product_1019,19.32,28.85,5.28,358.1
Product_1020,9.25,55.37,7.35,564.8
Product_1021,22.29,39.23,38.47,596.2
Product_1022,13.03,23.49,42.87,435.0
Product_1023,17.96,3.8,59.83,345.4
Product_1024,14.95,38.75,46.3,593.7
Product_1025,40.66,59.12,0.22,695.6
Product_1026,9.52,26.36,64.12,531.8
Product_1027,27.82,11.63,60.55,458.1
Product_1028,11.49,26.92,61.59,534.6
Product_1029,28.04,29.11,42.85,545.5
Product_1030,17.73,28.93,30.7,454.1
Product_1031,22.73,21.15,19.85,360.7
Product_1032,31.0,11.68,57.32,458.4
Product_1033,30.27,17.81,33.62,415.9
Product_1034,4.25,2.99,39.03,200.0
Product_1035,6.16,15.3,55.88,385.9
Product_1036,28.43,36.46,35.11,582.3
Product_1037,1.31,0.49,55.47,231.5
Product_1038,12.64,40.76,46.59,603.8
Product_1039,32.9,36.09,31.02,580.4
Product_1040,0.68,24.28,61.36,466.7
Product_1041,7.26,35.71,31.66,477.1
Product_1042,9.6,13.25,20.99,241.6
Product_1043,3.33,34.35,62.32,571.7
Product_1044,16.16,32.32,51.51,561.6
Product_1045,20.8,34.39,44.81,571.9
Product_1046,14.32,29.5,13.46,376.7
Product_1047,4.89,58.22,3.65,558.2
Product_1048,22.49,32.03,45.48,560.2
Product_1049,24.8,23.53,51.67,517.6
Product_1050,25.29,40.94,21.79,556.8
Product_1051,6.2,16.49,50.36,374.6
Product_1052,24.39,56.62,1.47,613.0
Product_1053,28.33,38.71,31.49,587.7
Product_1054,14.91,41.53,43.56,607.7
Product_1055,38.87,17.32,28.88,426.9
Product_1056,12.44,41.78,45.77,608.9
Product_1057,22.46,6.18,71.35,430.9
Product_1058,5.14,31.82,10.98,350.8
Product_1059,25.36,6.63,55.05,381.3
Product_1060,34.49,11.39,30.08,360.8
Product_1061,32.91,45.85,13.95,600.1
Product_1062,11.56,3.97,27.94,193.7
Product_1063,42.05,21.63,36.31,508.2
Product_1064,28.03,9.95,62.02,449.8
Product_1065,14.52,38.85,46.63,594.2
Product_1066,18.67,4.94,0.41,120.8
Product_1067,35.07,20.19,4.52,340.1
Product_1068,5.7,37.02,57.29,585.1
Product_1069,25.13,35.99,38.88,579.9
Product_1070,26.22,34.21,39.57,571.0
Product_1071,20.95,53.61,25.44,668.1
Product_1072,36.65,1.31,62.04,406.6
Product_1073,19.98,37.8,42.22,589.0
Product_1074,18.51,39.55,41.94,597.7
Product_1075,12.81,44.89,19.96,535.1
Product_1076,28.27,29.27,42.46,546.4
Product_1077,14.23,4.33,17.13,164.5
Product_1078,31.29,5.04,10.98,214.4
Product_1079,16.36,41.19,42.45,605.9
Product_1080,28.95,25.25,45.8,526.2
Product_1081,42.66,15.76,23.45,406.3
Product_1082,1.35,0.56,24.17,107.1
Product_1083,44.75,32.01,11.95,514.9
Product_1084,27.22,5.43,48.25,350.7
Product_1085,3.02,40.86,56.11,604.3
Product_1086,22.37,20.44,10.05,313.7
Product_1087,2.23,48.45,42.81,616.2
Product_1088,24.7,5.73,43.18,323.1
Product_1089,8.35,29.64,8.54,334.3
Product_1090,16.56,5.99,42.42,289.8
Product_1091,13.71,46.82,21.75,563.2
Product_1092,27.1,33.6,15.93,474.5
Product_1093,28.48,10.84,60.68,454.2
Product_1094,39.33,53.92,6.75,669.6
Product_1095,14.8,40.92,27.47,537.4
Product_1096,25.64,20.18,49.49,482.1
Product_1097,0.27,51.32,32.39,592.5
Product_1098,16.75,22.8,1.43,277.9
Product_1099,25.57,33.44,40.99,567.2
Product_1100,5.35,17.83,19.14,258.4
Product_1101,29.84,45.03,25.13,625.1
Product_1102,27.75,3.54,68.7,417.7
Product_1103,9.81,32.68,57.51,563.4
Product_1104,27.86,13.91,58.23,469.6
Product_1105,13.02,25.43,32.88,412.5
Product_1106,29.19,27.67,43.15,538.3
Product_1107,3.72,2.75,67.88,311.1
Product_1108,5.35,13.41,15.78,205.2
Product_1109,28.71,5.31,65.98,426.5
Product_1110,20.21,44.38,8.11,512.7
Product_1111,6.64,13.27,52.62,356.5
Product_1112,23.1,29.9,19.12,438.0
Product_1113,13.36,19.71,17.2,299.7
Product_1114,24.72,14.17,10.98,270.3
Product_1115,20.29,34.02,45.69,570.1
Product_1116,38.56,30.45,10.26,469.3
Product_1117,2.32,34.03,63.65,570.2
Product_1118,26.66,42.26,13.26,540.0
Product_1119,36.93,41.1,21.97,605.5
Product_1120,20.69,15.79,16.92,292.6
Product_1121,29.25,3.98,66.76,419.9
Product_1122,4.38,28.03,7.43,299.6
Product_1123,33.2,8.62,58.19,443.1
Product_1124,26.19,1.23,24.04,211.9
Product_1125,23.33,32.21,44.46,561.0
Product_1126,26.62,28.26,45.12,541.3
Product_1127,39.12,24.86,21.11,464.6
Product_1128,2.58,8.19,40.79,247.2
Product_1129,32.2,45.67,12.89,591.4
Product_1130,8.86,31.98,32.58,453.6
Product_1131,11.96,10.46,2.1,150.4
Product_1132,11.41,46.02,42.57,630.1
Product_1133,20.29,43.51,36.2,617.5
Product_1134,26.75,52.66,20.59,663.3
Product_1135,41.91,49.6,1.06,618.3
Product_1136,0.53,29.65,69.82,548.2
Product_1137,8.7,18.03,9.99,237.0
Product_1138,16.29,39.1,26.22,522.0
Product_1139,36.81,9.08,2.03,237.1
Product_1140,24.75,37.01,30.66,554.7
Product_1141,23.04,3.96,32.13,256.4
Product_1142,34.21,0.82,42.68,314.9
Product_1143,29.48,42.93,25.89,607.9
Product_1144,13.04,20.56,19.98,317.2
Product_1145,3.61,38.52,57.88,592.6
Product_1146,20.8,46.8,22.31,593.6
Product_1147,34.06,43.1,22.84,615.5
Product_1148,26.09,35.82,38.09,579.1
Product_1149,2.4,50.8,21.9,554.4
Product_1150,16.86,33.66,49.49,568.3
Product_1151,17.31,55.64,6.72,596.8
Product_1152,24.76,50.83,24.42,654.1
Product_1153,26.42,2.6,33.67,263.7
Product_1154,42.81,16.06,20.64,398.3
Product_1155,14.39,22.06,63.55,510.3
Product_1156,18.36,15.13,28.33,323.0
Product_1157,27.61,10.61,33.65,340.6
Product_1158,30.73,40.38,28.89,601.9
Product_1159,31.78,1.5,66.41,406.3
Product_1160,21.19,10.91,17.5,252.9
Product_1161,24.67,30.7,44.63,553.5
Product_1162,19.66,12.06,68.29,460.3
Product_1163,43.36,15.5,21.28,398.1
Product_1164,12.71,58.05,13.54,627.5
Product_1165,5.0,39.93,55.06,599.7
Product_1166,37.37,26.92,25.03,491.9
Product_1167,13.38,8.17,18.19,199.8
Product_1168,38.13,16.14,6.24,322.8
Product_1169,20.25,43.48,36.27,617.4
Product_1170,15.76,32.66,51.58,563.3
Product_1171,3.92,4.19,70.5,335.4
Product_1172,28.33,33.96,37.71,569.8
Product_1173,2.97,22.56,35.09,355.3
Product_1174,26.36,26.22,47.42,531.1
Product_1175,35.87,16.11,48.02,480.6
Product_1176,13.63,7.81,76.5,430.8
Product_1177,5.75,1.18,55.06,253.9
Product_1178,35.16,15.65,49.18,478.3
Product_1179,16.7,39.92,43.38,599.6
Product_1180,5.62,53.47,10.05,544.0
Product_1181,22.43,40.99,20.21,539.5
Product_1182,11.11,44.87,5.26,469.3
Product_1183,17.54,11.16,71.3,455.8
Product_1184,22.23,16.4,61.38,482.0
Product_1185,28.69,37.59,33.72,587.9
Product_1186,33.47,54.95,11.59,674.7
Product_1187,7.25,26.58,9.95,308.0
Product_1188,20.71,44.88,34.41,624.4
Product_1189,20.23,51.19,28.58,656.0
Product_1190,37.11,49.85,13.04,649.3
Product_1191,3.91,17.75,7.14,203.9
Product_1192,20.16,34.42,45.42,572.1
Product_1193,32.16,18.29,49.55,491.5
Product_1194,17.95,27.91,5.05,343.1
Product_1195,11.78,27.72,24.76,395.6
Product_1196,25.02,16.71,24.03,346.6
Product_1197,14.4,1.14,43.37,241.4
Product_1198,30.66,33.8,35.54,569.0
Product_1199,3.82,41.76,32.84,522.4
Product_1200,7.21,39.09,53.7,595.5
